<soapenv:Envelope xmlns:soapenv="http://schemas.xmlsoap.org/soap/envelope/" xmlns:veh="http://iec.ch/TC57/2011/VehiclesCoordinatesMessage" xmlns:mes="http://iec.ch/TC57/2011/schema/message" xmlns:veh1="http://iec.ch/TC57/2007/VehiclesCoordinates#">
   <soapenv:Header/>
   <soapenv:Body>
      <veh:ChangedVehiclesCoordinates>
         <veh:Header>
            <mes:Verb>changed</mes:Verb>
            <mes:Noun>VehiclesCoordinates</mes:Noun>
            <mes:Revision>2.0</mes:Revision>
            <mes:Timestamp>2003-08-09T02:18:37+02:00</mes:Timestamp>
            <mes:Source>AVL</mes:Source>
            <mes:MessageID>12345</mes:MessageID>
            <mes:CorrelationID>12345</mes:CorrelationID>
         </veh:Header>
         <veh:Payload>
            <veh1:VehiclesCoordinates>
               <veh1:Vehicle>
                  <veh1:mRID>PU 4</veh1:mRID>
                  <veh1:odometerReadDateTime>2021-04-14T14:47:14</veh1:odometerReadDateTime>
                  <veh1:PositionPoint>
                     <veh1:xPosition>724672</veh1:xPosition>
                     <veh1:yPosition>6180787</veh1:yPosition>
                  </veh1:PositionPoint>
               </veh1:Vehicle>

            </veh1:VehiclesCoordinates>
         </veh:Payload>
      </veh:ChangedVehiclesCoordinates>
   </soapenv:Body>
</soapenv:Envelope>