<s:Envelope xmlns:s="http://schemas.xmlsoap.org/soap/envelope/">
   <s:Body xmlns:xsi="http://www.w3.org/2001/XMLSchema-instance" xmlns:xsd="http://www.w3.org/2001/XMLSchema">
      <CreatedIncidents xmlns="http://iec.ch/TC57/2011/IncidentsMessage">
         <Header>
            <Verb xmlns="http://iec.ch/TC57/2011/schema/message">created</Verb>
            <Noun xmlns="http://iec.ch/TC57/2011/schema/message">Incidents</Noun>
            <Revision xmlns="http://iec.ch/TC57/2011/schema/message">2.0</Revision>
            <Timestamp xmlns="http://iec.ch/TC57/2011/schema/message">2021-04-14T15:13:45.5696709+02:00</Timestamp>
            <Source xmlns="http://iec.ch/TC57/2011/schema/message">ADMS</Source>
            <MessageID xmlns="http://iec.ch/TC57/2011/schema/message">0e5b53c8-dc7d-4f5a-ba2c-401c8772c142</MessageID>
            <CorrelationID xmlns="http://iec.ch/TC57/2011/schema/message">0e5b53c8-dc7d-4f5a-ba2c-401c8772c142</CorrelationID>
         </Header>
         <Payload>
            <Incidents xmlns="http://iec.ch/TC57/2007/Incidents#">
               <IncidentRecord>
                  <mRID>INC 11000002</mRID>
                  <createdDateTime>2021-04-14T15:13:44.6506709+02:00</createdDateTime>
                  <estimatedRestorationTime>2021-04-14T16:58:44.6146709+02:00</estimatedRestorationTime>
                  <priority>4</priority>
                  <Circuits>
                     <name>Maas A53</name>
                  </Circuits>
                  <IncidentCodes>
                     <name>Unplanned Outage</name>
                     <subCode>Sustained</subCode>
                  </IncidentCodes>
                  <OutageRecord>
                     <isPlanned>false</isPlanned>
                     <Equipments>
                        <mRID>UndergroundElectricLineSegment.9634009.Jumper</mRID>
                        <name>34765</name>
                        <Location>
                           <direction>34765</direction>
                        </Location>
                        <Measurements>
                           <phases>ABC</phases>
                           <DiscreteValues>
                              <value>1</value>
                           </DiscreteValues>
                        </Measurements>
                        <PSRType>
                           <mRID>Jumper</mRID>
                        </PSRType>
                     </Equipments>
                     <OutageCodes>
                        <name>None</name>
                        <subCode>None</subCode>
                     </OutageCodes>
                     <OutageReport>
                        <criticalCustomerCount>0</criticalCustomerCount>
                        <customerCount>65</customerCount>
                        <totalCml>0</totalCml>
                        <unrestoredCriticalCustomerCount>0</unrestoredCriticalCustomerCount>
                        <unrestoredCustomerCount>65</unrestoredCustomerCount>
                     </OutageReport>
                     <status>
                        <value>NotRestored</value>
                     </status>
                  </OutageRecord>
                  <period>
                     <start>2021-04-14T15:13:42.8916703+02:00</start>
                  </period>
                  <PositionPoint>
                     <xPosition>724671.529</xPosition>
                     <yPosition>6180786.487</yPosition>
                  </PositionPoint>
                  <Region>
                     <mRID>Europe</mRID>
                  </Region>
                  <Resolution>
                     <constructionType>None</constructionType>
                     <dataProblem>None</dataProblem>
                     <failedComponent>None</failedComponent>
                     <material>None</material>
                     <referTo>None</referTo>
                  </Resolution>
                  <status>
                     <remark>Confirmed</remark>
                     <value>New</value>
                  </status>
                  <Substation>
                     <mRID>Maas</mRID>
                  </Substation>
                  <Zones>
                     <mRID>LvArea</mRID>
                  </Zones>
               </IncidentRecord>
            </Incidents>
         </Payload>
      </CreatedIncidents>
   </s:Body>
</s:Envelope>